Serial,Last_Updated
D30JXB0D_ROCAMA,2025-06-25 15:15:27
D30JXB0G_ROCAMA,2025-06-25 15:15:29
D30JXB0F_ROCAMA,2025-06-25 15:15:29
D30JXB0G_ROCAM,2025-06-25 15:22:10
D30JXB0F_ROCAM,2025-06-25 15:21:36
D30JXB0D_ROCAM,2025-06-25 15:22:09
D30JXAFH_ROCAMA,2025-06-25 17:35:55
D30JXF65_ROCAMA,2025-06-25 17:35:56
D30JXAZ5_ROCAMA,2025-06-25 17:35:58
D30JXAGZ_ROCAMA,2025-07-01 11:38:38
D30JXBD9_ROCAMA,2025-07-01 11:38:38
D30JXBDR_ROCAMA,2025-07-01 11:38:38
D30JXBER_ROCAMA,2025-07-01 11:38:38
D30JXBDN_ROCAMA,2025-07-01 11:38:38
D30JXDPD_ROCAMA,2025-07-01 11:38:42
D30JXBDK_ROCAMA,2025-07-01 11:39:04
D30JXBDQ_ROCAMA,2025-07-01 11:39:05
D30JXBDL_ROCAMA,2025-07-01 11:39:05
D30JXBDA_ROCAMA,2025-07-01 11:39:07
D30JXBDC_ROCAMA,2025-07-01 11:39:58
D30JXAZT_ROCAMA,2025-07-01 11:40:03
D30JXAZP_ROCAMA,2025-07-01 11:40:04
D30JXBEH_ROCAMA,2025-07-01 11:40:07
D30JXDPF_ROCAMA,2025-07-01 13:07:26
D30JXAYT_ROCAMA,2025-07-01 13:07:26
D30JXBED_ROCAMA,2025-07-01 13:07:26
D30JXAZO_ROCAMA,2025-07-01 13:07:26
D30JXBDM_ROCAMA,2025-07-01 13:07:26
D30JXDPA_ROCAMA,2025-07-01 13:07:27
D30JXBDD_ROCAMA,2025-07-01 13:07:51
D30JXDPG_ROCAMA,2025-07-01 13:07:51
D30JXBDJ_ROCAMA,2025-07-01 13:07:52
D30JXBDI_ROCAMA,2025-07-01 13:07:53
D30JXBEG_ROCAMA,2025-07-01 13:08:45
D30JXBDO_ROCAMA,2025-07-01 13:08:48
D30JXDPE_ROCAMA,2025-07-01 13:08:48
D30JXBEE_ROCAMA,2025-07-01 13:08:48
D30JXDP9_ROCAMA,2025-07-01 13:35:42
D30JXBDF_ROCAMA,2025-07-01 13:35:42
D30JXBDE_ROCAMA,2025-07-01 13:35:42
D30JXBEF_ROCAMA,2025-07-01 13:35:42
D30JXBDG_ROCAMA,2025-07-01 13:35:43
D30JXDP8_ROCAMA,2025-07-01 13:35:43
D30JXDPI_ROCAMA,2025-07-01 13:35:43
D30JXDPB_ROCAMA,2025-07-01 13:36:09
D30JXBEI_ROCAMA,2025-07-01 13:36:09
D30JXAZS_ROCAMA,2025-07-01 13:36:09
D30JXBDH_ROCAMA,2025-07-01 13:37:00
D30JXBDP_ROCAMA,2025-07-01 13:37:01
D30JXDPC_ROCAMA,2025-07-01 13:37:07
D30JXBD5_ROCAMA,2025-07-01 14:25:04
D30JX5IK_ROCAMA,2025-07-01 14:25:04
D30JXDTD_ROCAMA,2025-07-01 14:25:04
D30JXDTC_ROCAMA,2025-07-01 14:25:04
D30JXCI1_ROCAMA,2025-07-01 14:25:04
D30JXBD6_ROCAMA,2025-07-01 14:25:04
D30JXDTG_ROCAMA,2025-07-01 14:25:28
D30JXCI3_ROCAMA,2025-07-01 14:25:28
D30JXCI5_ROCAMA,2025-07-01 14:25:30
D30JXDTH_ROCAMA,2025-07-01 14:25:30
D30JX5IL_ROCAMA,2025-07-01 14:26:19
D30JXCJ8_ROCAMA,2025-07-01 14:26:22
D30JXDTL_ROCAMA,2025-07-01 14:26:22
D30JX5IG_ROCAMA,2025-07-01 14:26:26
D30JX5IIA,2025-07-01 15:24:17
D30JXDPH_ROCAMA,2025-07-01 15:24:44
D30JXCI2_ROCAMA,2025-07-01 15:24:44
D30JX5HH_ROCAMA,2025-07-01 15:24:44
D30JXAGN_ROCAMA,2025-07-01 15:24:44
D30JXDTE_ROCAMA,2025-07-01 15:24:44
D30JXBD7_ROCAMA,2025-07-01 15:24:45
D30JXAGO_ROCAMA,2025-07-01 15:24:47
D30JXAGP_ROCAMA,2025-07-01 15:25:11
D30JXDTK_ROCAMA,2025-07-01 15:25:11
D30JXBD4_ROCAMA,2025-07-01 15:25:12
D30JX5HG_ROCAMA,2025-07-01 15:26:06
D30JXCI7_ROCAMA,2025-07-01 15:26:09
D30JX5J6_ROCAMA,2025-07-01 15:26:11
D30JXDTFA,2025-07-01 16:38:15
D30JXBD8_ROCAMA,2025-07-01 16:38:42
D30JXAGM_ROCAMA,2025-07-01 16:38:42
D30JXCI6_ROCAMA,2025-07-01 16:38:42
D30JXDRX_ROCAMA,2025-07-01 16:38:42
D30JX5II_ROCAMA,2025-07-01 16:38:43
D30JX5IH_ROCAMA,2025-07-01 16:38:44
D30JX5IJ_ROCAMA,2025-07-01 16:38:44
D30JXCJC_ROCAMA,2025-07-01 16:39:08
D30JXCJA_ROCAMA,2025-07-01 16:39:10
D30JXDTJ_ROCAMA,2025-07-01 16:39:10
D30JX5HI_ROCAMA,2025-07-01 16:40:02
D30JXCJB_ROCAMA,2025-07-01 16:40:05
D30JXCJ9_ROCAMA,2025-07-01 16:40:09
D30JXDSNA,2025-07-01 16:44:44
D30JXDTF_ROCAMA,2025-07-01 16:46:36
D30JXAGF_ROCAMA,2025-07-01 16:52:50
D30JXAGD_ROCAMA,2025-07-01 16:52:50
D30JXAG7_ROCAMA,2025-07-01 16:52:50
D30JXAGR_ROCAMA,2025-07-01 16:52:50
D30JXDSN_ROCAMA,2025-07-01 16:52:50
D30JXAGQ_ROCAMA,2025-07-01 16:52:53
D30JXBEC_ROCAMA,2025-07-01 16:53:16
D30JXBE8_ROCAMA,2025-07-01 16:53:17
D30JXAG5_ROCAMA,2025-07-01 16:53:18
D30JXAFW_ROCAMA,2025-07-01 16:53:19
D30JXAGI_ROCAMA,2025-07-01 16:54:10
D30JXAG0_ROCAMA,2025-07-01 16:54:11
D30JX5IV_ROCAMA,2025-07-01 16:54:18
D30JXAGB_ROCAMA,2025-07-01 16:54:53
D30JX5IX_ROCAMA,2025-07-01 17:25:13
D30JXAGL_ROCAMA,2025-07-01 17:25:13
D30JXBE5_ROCAMA,2025-07-01 17:25:13
D30JXBE9_ROCAMA,2025-07-01 17:25:13
D30JXAFX_ROCAMA,2025-07-01 17:25:13
D30JXAFY_ROCAMA,2025-07-01 17:25:24
D30JX5IZ_ROCAMA,2025-07-01 17:25:38
D30JXAGH_ROCAMA,2025-07-01 17:25:39
D30JX5IW_ROCAMA,2025-07-01 17:25:40
D30JXAGE_ROCAMA,2025-07-01 17:26:32
D30JX5IY_ROCAMA,2025-07-01 17:26:32
D30JXAFZ_ROCAMA,2025-07-01 17:26:34
D30JXAGJ_ROCAMA,2025-07-01 17:26:35
D30JXDSU_ROCAMA,2025-07-01 17:38:48
D30JXDSP_ROCAMA,2025-07-01 17:38:48
D30JXAGK_ROCAMA,2025-07-01 17:38:48
D30JXAGC_ROCAMA,2025-07-01 17:38:48
D30JXAG1_ROCAMA,2025-07-01 17:38:49
D30JXEQS_ROCAMA,2025-07-01 17:38:52
D30JXAGG_ROCAMA,2025-07-01 17:39:15
D30JXBEB_ROCAMA,2025-07-01 17:39:15
D30JX5IU_ROCAMA,2025-07-01 17:39:17
D30JXBE7_ROCAMA,2025-07-01 17:46:23
D30JXAGA_ROCAMA,2025-07-01 17:40:08
D30JXDSO_ROCAMA,2025-07-01 17:40:09
D30JXDSS_ROCAMA,2025-07-01 17:40:10
D30JXDSQ_ROCAMA,2025-07-01 17:51:47
D30JXEQP_ROCAMA,2025-07-01 17:51:47
D30JXEQR_ROCAMA,2025-07-01 17:51:47
D30JXDSM_ROCAMA,2025-07-01 17:51:47
D30JXAG6_ROCAMA,2025-07-01 17:51:47
D30JXDSW_ROCAMA,2025-07-01 17:51:50
D30JXAG4_ROCAMA,2025-07-01 17:52:12
D30JXAG8_ROCAMA,2025-07-01 17:52:12
D30JXDSR_ROCAMA,2025-07-01 17:52:12
D30JXEQN_ROCAMA,2025-07-01 17:53:06
D30JXDSV_ROCAMA,2025-07-01 17:53:12
D30JXEQO_ROCAMA,2025-07-01 17:53:13
D30JXDSX_ROCAMA,2025-07-01 17:53:25
D30JXBEL_ROCAMA,2025-07-02 10:50:24
D30JXEQQ_ROCAMA,2025-07-02 11:01:40
D30JXBEN_ROCAMA,2025-07-02 10:50:24
D30JXDT7_ROCAMA,2025-07-02 10:50:24
D30JXBEO_ROCAMA,2025-07-02 10:50:24
D30JXDST_ROCAMA,2025-07-02 10:50:25
D30JXDSL_ROCAMA,2025-07-02 10:50:25
D30JX5IN_ROCAMA,2025-07-02 10:50:50
D30JXDSH_ROCAMA,2025-07-02 10:50:50
D30JXDT6_ROCAMA,2025-07-02 10:50:51
D30JXDSK_ROCAMA,2025-07-02 10:51:48
D30JXDTB_ROCAMA,2025-07-02 10:51:50
D30JXDSI_ROCAMA,2025-07-02 10:51:52
D30JXAG3_ROCAMA,2025-07-02 11:02:25
